review,summary
"I have cherished this book for many years and am pleased to have acquired the audiobook version. It was delivered promptly, in impeccable condition, and at an excellent cost.","Happy with audiobook purchase, fast and cheap"
I replaced my Giant 29er MTB\'s weak plastic handlebar end caps with these. They fit well and should shield the handgrips nicely.,Replaced weak MTB handlebar caps with good fit.
We have found this AA disposable battery to be the best for our Kodak camera. It is reasonably priced and comes highly recommended.,"Top-rated, affordable AA disposable battery for Kodak camera."
"The product appears to be of good quality, but my dog is not a big fan of it. Although she eats it, she seems unsatisfied.","good quality, but my dog not satisfied with product"
"These hiking socks are excellent; they have kept my feet blister-free, warm, and dry. I plan to purchase more.","Good hiking socks, no blisters, warm and dry feet"
"This cable is highly recommended as it is cheap, functional and has standard data transfer speed.",Cheap cable works well with normal data transfer speeds
"This bottle is great for large capacity, although it can get heavy. It is high-quality and meets my needs perfectly.","High-quality, large-capacity bottle"
This product did not meet my expectations due to its excessive sugar and other ingredients that caused a headache and did not fit my health-conscious diet. I would not recommend it to anyone looking for a healthy snack option.,"Unhealthy product, exceeded sugar and ingredients led to headache"
"This tool has been a game-changer for managing my long-haired cat\'s shedding. It works wonders on getting to her undercoat, and since I started using it, she\'s been throwing up hairballs less frequently. Highly recommended for fellow cat owners dealing with excessive shedding.",Highly recommended for managing long-haired cat shedding
"The tea leaves are of high quality, and the aroma is delightful. It has become my go-to tea, and I highly recommend it to anyone who appreciates a great cup of green tea.",High-quality green tea with delightful aroma and taste